year,country,artist,song
2016,Ukraine,Jamala,1944
2016,Australia,Dami Im,Sound of Silence
2016,Russia,Sergey Lazarev,You Are the Only One
2016,Bulgaria,Poli Genova,If Love Was a Crime
2016,Sweden,Frans,If I Were Sorry
2016,France,Amir,J'ai Cherché
2016,Armenia,Iveta Mukuchyan,LoveWave
2016,Poland,Michał Szpak,Color of Your Life
2016,Lithuania,Donny Montell,I've Been Waiting for This Night
2016,Belgium,Laura Tesoro,What's the Pressure
2016,Netherlands,Douwe Bob,Slow Down
2016,Malta,Ira Losco,Walk on Water
2016,Austria,Zoë,Loin d'ici
2016,Israel,Hovi Star,Made of Stars
2016,Latvia,Justs,Heartbeat
2016,Italy,Francesca Michielin,No Degree of Separation
2016,Azerbaijan,Samra,Miracle
2016,Serbia,Sanja Vučić ZAA,Goodbye (Shelter)
2016,Hungary,Freddie,Pioneer
2016,Georgia,Nika Kocharov & Young Georgian Lolitaz,Midnight Gold
2016,Cyprus,Minus One,Alter Ego
2016,Spain,Barei,Say Yay!
2016,Croatia,Nina Kraljić,Lighthouse
2016,United Kingdom,Joe & Jake,You're Not Alone
2016,Czechia,Gabriela Gunčíková,I Stand
2016,Germany,Jamie,Lee Kriewitz
2016,Bosnia and Herzegovina,Dalal & Deen feat. Ana Rucner & Jala,Ljubav Je
2016,North Macedonia,Kaliopi,Dona
2016,Belarus,Ivan,Help You Fly
2016,San Marino,Serhat,I Didn't Know
2016,Norway,Agnete,Icebreaker
2016,Montenegro,Highway,The Real Thing
2016,Slovenia,ManuElla,Blue and Red
2016,Iceland,Greta Salóme,Hear Them Calling
2016,Finland,Sandhja,Sing It Away
2016,Ireland,Nicky Byrne,Sunlight
2016,Albania,Eneda Tarifa,Fairytale
2016,Greece,Argo,Utopian Land
2016,Denmark,Lighthouse X,Soldiers of Love
2016,Moldova,Lidia Isac,Falling Stars
2016,Switzerland,Rykka,The Last of Our Kind
2016,Estonia,Jüri Pootsmann,Play
2017,Portugal,Salvador Sobral,Amar Pelos Dois
2017,Bulgaria,Kristian Kostov,Beautiful Mess
2017,Moldova,Sunstroke Project,Hey Mamma
2017,Belgium,Blanche,City Lights
2017,Sweden,Robin Bengtsson,I Can't Go On
2017,Italy,Francesco Gabbani,Occidentali's Karma
2017,Romania,Ilinca feat. Alex Florea,Yodel It!
2017,Hungary,Joci Pápai,Origo
2017,Australia,Isaiah,Don't Come Easy
2017,Norway,Jowst,Grab the Moment
2017,Netherlands,OG3NE,Lights And Shadows
2017,France,Alma,Requiem
2017,Croatia,Jacques Houdek,My Friend
2017,Azerbaijan,Dihaj,Skeletons
2017,United Kingdom,Lucie Jones,Never Give Up on You
2017,Austria,Nathan Trent,Running On Air
2017,Belarus,Naviband,Historyja majho žyccia
2017,Armenia,Artsvik,Fly With Me
2017,Greece,Demy,This is Love
2017,Denmark,Anja,Where I Am
2017,Cyprus,Hovig,Gravity
2017,Poland,Kasia Moś,Flashlight
2017,Israel,Imri Ziv,I Feel Alive
2017,Ukraine,O.Torvald,Time
2017,Germany,Levina,Perfect Life
2017,Spain,Manel Navarro,Do It for Your Lover
2017,Georgia,Tamara Gachechiladze,Keep The Faith
2017,Serbia,Tijana Bogićević,In Too Deep
2017,Switzerland,Timebelle,Apollo
2017,Finland,Norma John,Blackbird
2017,Ireland,Brendan Murray,Dying To Try
2017,Estonia,Koit Toome & Laura,Verona
2017,Czechia,Martina Bárta,My Turn
2017,Albania,Lindita,World
2017,North Macedonia,Jana Burčeska,Dance Alone
2017,Iceland,Svala,Paper
2017,Montenegro,Slavko Kalezić,Space
2017,Malta,Claudia Faniello,Breathlessly
2017,Lithuania,Fusedmarc,Rain Of Revolution
2017,Slovenia,Omar Naber,On My Way
2017,Latvia,Triana Park,Line
2017,San Marino,Valentina Monetta & Jimmie Wilson,Spirit Of The Night
2018,Israel,Netta,Toy
2018,Cyprus,Eleni Foureira,Fuego
2018,Austria,Cesár Sampson,Nobody But You
2018,Germany,Michael Schulte,You Let Me Walk Alone
2018,Italy,Ermal Meta & Fabrizio Moro,Non Mi Avete Fatto Niente
2018,Czechia,Mikolas Josef,Lie To Me
2018,Sweden,Benjamin Ingrosso,Dance You Off
2018,Estonia,Elina Nechayeva,La Forza
2018,Denmark,Rasmussen,Higher Ground
2018,Moldova,DoReDos,My Lucky Day
2018,Albania,Eugent Bushpepa,Mall
2018,Lithuania,Ieva Zasimauskaitė,When We're Old
2018,France,Madame Monsieur,Mercy
2018,Bulgaria,Equinox,Bones
2018,Norway,Alexander Rybak,That's How You Write a Song
2018,Ireland,Ryan O'Shaughnessy,Together
2018,Ukraine,Mélovin,Under the Ladder
2018,Netherlands,Waylon,Outlaw In 'Em
2018,Serbia,Sanja Ilić & Balkanika,Nova Deca
2018,Australia,Jessica Mauboy,We Got Love
2018,Hungary,AWS,Viszlát Nyár
2018,Slovenia,Lea Sirk,"Hvala, ne!"
2018,Spain,Amaia & Alfred,Tu Canción
2018,United Kingdom,SuRie,Storm
2018,Finland,Saara Aalto,Monsters
2018,Portugal,Cláudia Pascoal,O Jardim
2018,Romania,The Humans,Goodbye
2018,Latvia,Laura Rizzotto,Funny Girl
2018,Malta,Christabelle,Taboo
2018,Azerbaijan,Aisel,X My Heart
2018,Belgium,Sennek,A Matter of Time
2018,Switzerland,Zibbz,Stones
2018,Poland,Gromee feat. Lukas Meijer,Light Me Up
2018,Greece,Yianna Terzi,Oniro Mou
2018,Armenia,Sevak Khanagyan,Qami
2018,Russia,Julia Samoylova,I Won't Break
2018,Belarus,Alekseev,Forever
2018,Croatia,Franka,Crazy
2018,Montenegro,Vanja Radovanović,Inje
2018,San Marino,Jessika feat. Jenifer Brening,Who We Are
2018,Georgia,Ethno,Jazz Band Iriao
2018,North Macedonia,Eye Cue,Lost And Found
2018,Iceland,Ari Ólafsson,Our Choice
2019,Netherlands,Duncan Laurence,Arcade
2019,Italy,Mahmood,Soldi
2019,Russia,Sergey Lazarev,Scream
2019,Switzerland,Luca Hänni,She Got Me
2019,Sweden,John Lundvik,Too Late for Love
2019,Norway,KEiiNO,Spirit in the Sky
2019,North Macedonia,Tamara Todevska,Proud
2019,Azerbaijan,Chingiz,Truth
2019,Australia,Kate Miller,Heidke
2019,Iceland,Hatari,Hatrið mun sigra
2019,Czechia,Lake Malawi,Friend of a Friend
2019,Denmark,Leonora,Love is Forever
2019,Cyprus,Tamta,Replay
2019,Malta,Michela,Chameleon
2019,Slovenia,Zala Kralj & Gašper Šantl,Sebi
2019,France,Bilal Hassani,Roi
2019,Albania,Jonida Maliqi,Ktheju Tokës
2019,Serbia,Nevena Božović,Kruna
2019,San Marino,Serhat,Say Na Na Na
2019,Estonia,Victor Crone,Storm
2019,Greece,Katerine Duska,Better Love
2019,Spain,Miki,La Venda
2019,Israel,Kobi Marimi,Home
2019,Belarus,Zena,Like It
2019,Germany,S!sters,Sister
2019,United Kingdom,Michael Rice,Bigger Than Us
2019,Poland,Tulia,Pali się
2019,Hungary,Joci Pápai,Az én apám
2019,Lithuania,Jurij Veklenko,Run with the Lions
2019,Moldova,Anna Odobescu,Stay
2019,Belgium,Eliot,Wake Up
2019,Romania,Ester Peony,On a Sunday
2019,Georgia,Oto Nemsadze,Keep on Going
2019,Croatia,Roko,The Dream
2019,Portugal,Conan Osíris,Telemóveis
2019,Latvia,Carousel,That Night
2019,Armenia,Srbuk,Walking Out
2019,Montenegro,D mol,Heaven
2019,Finland,Darude feat. Sebastian Rejman,Look Away
2019,Austria,Pænda,Limits
2019,Ireland,Sarah McTernan,22
2020,Albania,Arilena Ara,Fall From The Sky
2020,Armenia,Athena Manoukian,Chains On You
2020,Australia,Montaigne,Don't Break Me
2020,Austria,Vincent Bueno,Alive
2020,Azerbaijan,Efendi,Cleopatra
2020,Belarus,VAL,Da vidna
2020,Belgium,Hooverphonic,Release Me
2020,Bulgaria,Victoria,Tears Getting Sober
2020,Croatia,Damir Kedžo,Divlji vjetre
2020,Cyprus,Sandro,Running
2020,Czechia,Benny Cristo,Kemama
2020,Denmark,Ben & Tan,Yes
2020,Estonia,Uku Suviste,What Love Is
2020,Finland,Aksel,Looking Back
2020,France,Tom Leeb,The Best in Me
2020,Georgia,Tornike Kipiani,Take Me As I Am
2020,Germany,Ben Dolic,Violent Thing
2020,Greece,Stefania,Superg!rl​
2020,Iceland,Daði & Gagnamagnið,Think About Things
2020,Ireland,Lesley Roy,Story Of My Life
2020,Israel,Eden Alene,Feker Libi
2020,Italy,Diodato,Fai rumore
2020,Latvia,Samanta Tīna,Still Breathing
2020,Lithuania,The Roop,On Fire
2020,Malta,Destiny,All Of My Love
2020,Moldova,Natalia Gordienko,Prison
2020,Netherlands,Jeangu Macrooy,Grow
2020,North Macedonia,Vasil,You
2020,Norway,Ulrikke,Attention
2020,Poland,Alicja,Empires
2020,Portugal,Elisa,Medo de sentir
2020,Romania,Roxen,Alcohol You
2020,Russia,Little Big,Uno
2020,San Marino,Senhit,Freaky!
2020,Serbia,Hurricane,Hasta La Vista
2020,Slovenia,Ana Soklič,Voda
2020,Spain,Blas Cantó,Universo
2020,Sweden,The Mamas,Move
2020,Switzerland,Gjon's Tears,Répondez
2020,Ukraine,Go_A,Solovey
2020,United Kingdom,James Newman,My Last Breath
2021,Italy,Måneskin,Zitti e buoni
2021,France,Barbara Pravi,Voilà
2021,Switzerland,Gjon's Tears,Tout l'univers
2021,Iceland,Daði & Gagnamagnið,10 Years
2021,Ukraine,Go_A,Shum
2021,Finland,Blind Channel,Dark Side
2021,Malta,Destiny,Je Me Casse
2021,Lithuania,The Roop,Discoteque
2021,Russia,Manizha,Russian Woman
2021,Greece,Stefania,Last Dance
2021,Bulgaria,Victoria,Growing Up Is Getting Old
2021,Portugal,The Black Mamba,Love Is On My Side
2021,Moldova,Natalia Gordienko,Sugar
2021,Sweden,Tusse,Voices
2021,Serbia,Hurricane,Loco Loco
2021,Cyprus,Elena Tsagrinou,El Diablo
2021,Israel,Eden Alene,Set Me Free
2021,Norway,TIX,Fallen Angel
2021,Belgium,Hooverphonic,The Wrong Place
2021,Azerbaijan,Efendi,Mata Hari
2021,Albania,Anxhela Peristeri,Karma
2021,San Marino,Senhit feat. Flo Rida,Adrenalina
2021,Netherlands,Jeangu Macrooy,Birth Of A New Age
2021,Spain,Blas Cantó,Voy A Quedarme
2021,Germany,Jendrik,I Don't Feel Hate
2021,United Kingdom,James Newman,Embers
2021,Croatia,Albina,Tick
2021,Romania,Roxen,Amnesia
2021,Denmark,Fyr og Flamme,Øve os på hinanden
2021,Austria,Vincent Bueno,Amen
2021,Estonia,Uku Suviste,The Lucky One
2021,Slovenia,Ana Soklič,Amen
2021,Poland,Rafał,The Ride
2021,Australia,Montaigne,Technicolour
2021,North Macedonia,Vasil,Here I Stand
2021,Czechia,Benny Cristo,Omaga
2021,Ireland,Lesley Roy,Maps
2021,Georgia,Tornike Kipiani,You
2021,Latvia,Samanta Tīna,The Moon Is Rising
2022,Ukraine,Kalush Orchestra,Stefania
2022,United Kingdom,Sam Ryder,Space Man
2022,Spain,Chanel,SloMo
2022,Sweden,Cornelia Jakobs,Hold Me Closer
2022,Serbia,Konstrakta,In Corpore Sano
2022,Italy,Mahmood & Blanco,Brividi
2022,Moldova,Zdob și Zdub & Advahov Brothers,Trenulețul
2022,Greece,Amanda Georgiadi Tenfjord,Die Together
2022,Portugal,Maro,"Saudade, saudade"
2022,Norway,Subwoolfer,Give That Wolf a Banana
2022,Netherlands,S10,De Diepte
2022,Poland,Ochman,River
2022,Estonia,Stefan,Hope
2022,Lithuania,Monika Liu,Sentimentai
2022,Australia,Sheldon Riley,Not The Same
2022,Azerbaijan,Nadir Rustamli,Fade To Black
2022,Switzerland,Marius Bear,Boys Do Cry
2022,Romania,WRS,Llámame
2022,Belgium,Jérémie Makiese,Miss You
2022,Armenia,Rosa Linn,Snap
2022,Finland,The Rasmus,Jezebel
2022,Czechia,We Are Domi,Lights Off
2022,Iceland,Systur,Með hækkandi sól
2022,France,Alvan & Ahez,Fulenn
2022,Germany,Malik Harris,Rockstars
2022,Croatia,Mia Dimšić,Guilty Pleasure
2022,North Macedonia,Andrea,Circles
2022,Albania,Ronela Hajati,Sekret
2022,Cyprus,Andromache,Ela
2022,Israel,Michael Ben David,I.M
2022,Denmark,Reddi,The Show
2022,Latvia,Citi Zēni,Eat Your Salad
2022,San Marino,Achille Lauro,Stripper
2022,Ireland,Brooke,That's Rich
2022,Malta,Emma Muscat,I Am What I Am
2022,Austria,LUM!X & Pia Maria,Halo
2022,Montenegro,Vladana,Breathe
2022,Bulgaria,Intelligent Music Project,Intention
2022,Georgia,Circus Mircus,Lock Me In
2022,Slovenia,LPS,Disko
2023,Sweden,Loreen,Tattoo
2023,Finland,Käärijä,Cha Cha Cha
2023,Israel,Noa Kirel,Unicorn
2023,Italy,Marco Mengoni,Due vite
2023,Norway,Alessandra,Queen of Kings
2023,Ukraine,Tvorchi,Heart of Steel
2023,Belgium,Gustaph,Because of You
2023,Estonia,Alika,Bridges
2023,Australia,Voyager,Promise
2023,Czechia,Vesna,My Sister's Crown
2023,Lithuania,Monika Linkytė,Stay
2023,Cyprus,Andrew Lambrou,Break a Broken Heart
2023,Croatia,Let 3,Mama ŠČ!
2023,Armenia,Brunette,Future Lover
2023,Austria,Teya & Salena,Who The Hell Is Edgar?
2023,France,La Zarra,Évidemment
2023,Spain,Blanca Paloma,Eaea
2023,Moldova,Pasha Parfeni,Soarele și Luna
2023,Poland,Blanka,Solo
2023,Switzerland,Remo Forrer,Watergun
2023,Slovenia,Joker Out,Carpe Diem
2023,Albania,Albina & Familja Kelmendi,Duje
2023,Portugal,Mimicat,Ai Coração
2023,Serbia,Luke Black,Samo mi se spava
2023,United Kingdom,Mae Muller,I Wrote A Song
2023,Germany,Lord Of The Lost,Blood & Glitter
2023,Iceland,Diljá,Power
2023,Latvia,Sudden Lights,Aijā
2023,Georgia,Iru,Echo
2023,Greece,Victor Vernicos,What They Say
2023,Ireland,Wild Youth,We Are One
2023,Netherlands,Mia Nicolai & Dion Cooper,Burning Daylight
2023,Denmark,Reiley,Breaking My Heart
2023,Azerbaijan,TuralTuranX,Tell Me More
2023,Malta,The Busker,Dance (Our Own Party)
2023,Romania,Theodor Andrei,D.G.T. (Off and On)
2023,San Marino,Piqued Jacks,Like An Animal
